ID,crim,zn,indus,chas,nox,rm,age,dis,rad,tax,ptratio,black,lstat,medv
1,0.00632,18,2.31,0,0.538,6.575,65.2,4.09,1,296,15.3,396.9,4.98,24
2,0.02731,0,7.07,0,0.469,6.421,78.9,4.9671,2,242,17.8,396.9,9.14,21.6